{
	"close":false,
	"projectType":"egret",
	"resourcePlugin":
	{
		"configs":[
		{
			"configPath":"resource/resource.json",
			"relativePath":"resource/"
		}],
		"id":"org.egret-labs.resource",
		"library":
		{
			"children":[
			{
				"children":[
				{
					"isFolder":false,
					"key":"0",
					"name":"0"
				},
				{
					"isFolder":false,
					"key":"1",
					"name":"1"
				},
				{
					"isFolder":false,
					"key":"10",
					"name":"10"
				},
				{
					"isFolder":false,
					"key":"11",
					"name":"11"
				},
				{
					"isFolder":false,
					"key":"12",
					"name":"12"
				},
				{
					"isFolder":false,
					"key":"13",
					"name":"13"
				},
				{
					"isFolder":false,
					"key":"14",
					"name":"14"
				},
				{
					"isFolder":false,
					"key":"15",
					"name":"15"
				},
				{
					"isFolder":false,
					"key":"16",
					"name":"16"
				},
				{
					"isFolder":false,
					"key":"17",
					"name":"17"
				},
				{
					"isFolder":false,
					"key":"18",
					"name":"18"
				},
				{
					"isFolder":false,
					"key":"19",
					"name":"19"
				},
				{
					"isFolder":false,
					"key":"2",
					"name":"2"
				},
				{
					"isFolder":false,
					"key":"20",
					"name":"20"
				},
				{
					"isFolder":false,
					"key":"21",
					"name":"21"
				},
				{
					"isFolder":false,
					"key":"22",
					"name":"22"
				},
				{
					"isFolder":false,
					"key":"23",
					"name":"23"
				},
				{
					"isFolder":false,
					"key":"24",
					"name":"24"
				},
				{
					"isFolder":false,
					"key":"25",
					"name":"25"
				},
				{
					"isFolder":false,
					"key":"26",
					"name":"26"
				},
				{
					"isFolder":false,
					"key":"27",
					"name":"27"
				},
				{
					"isFolder":false,
					"key":"28",
					"name":"28"
				},
				{
					"isFolder":false,
					"key":"29",
					"name":"29"
				},
				{
					"isFolder":false,
					"key":"3",
					"name":"3"
				},
				{
					"isFolder":false,
					"key":"30",
					"name":"30"
				},
				{
					"isFolder":false,
					"key":"31",
					"name":"31"
				},
				{
					"isFolder":false,
					"key":"32",
					"name":"32"
				},
				{
					"isFolder":false,
					"key":"33",
					"name":"33"
				},
				{
					"isFolder":false,
					"key":"34",
					"name":"34"
				},
				{
					"isFolder":false,
					"key":"35",
					"name":"35"
				},
				{
					"isFolder":false,
					"key":"36",
					"name":"36"
				},
				{
					"isFolder":false,
					"key":"37",
					"name":"37"
				},
				{
					"isFolder":false,
					"key":"38",
					"name":"38"
				},
				{
					"isFolder":false,
					"key":"39",
					"name":"39"
				},
				{
					"isFolder":false,
					"key":"4",
					"name":"4"
				},
				{
					"isFolder":false,
					"key":"40",
					"name":"40"
				},
				{
					"isFolder":false,
					"key":"41",
					"name":"41"
				},
				{
					"isFolder":false,
					"key":"42",
					"name":"42"
				},
				{
					"isFolder":false,
					"key":"43",
					"name":"43"
				},
				{
					"isFolder":false,
					"key":"44",
					"name":"44"
				},
				{
					"isFolder":false,
					"key":"45",
					"name":"45"
				},
				{
					"isFolder":false,
					"key":"46",
					"name":"46"
				},
				{
					"isFolder":false,
					"key":"47",
					"name":"47"
				},
				{
					"isFolder":false,
					"key":"48",
					"name":"48"
				},
				{
					"isFolder":false,
					"key":"49",
					"name":"49"
				},
				{
					"isFolder":false,
					"key":"5",
					"name":"5"
				},
				{
					"isFolder":false,
					"key":"50",
					"name":"50"
				},
				{
					"isFolder":false,
					"key":"51",
					"name":"51"
				},
				{
					"isFolder":false,
					"key":"52",
					"name":"52"
				},
				{
					"isFolder":false,
					"key":"53",
					"name":"53"
				},
				{
					"isFolder":false,
					"key":"6",
					"name":"6"
				},
				{
					"isFolder":false,
					"key":"7",
					"name":"7"
				},
				{
					"isFolder":false,
					"key":"8",
					"name":"8"
				},
				{
					"isFolder":false,
					"key":"9",
					"name":"9"
				}],
				"isFolder":false,
				"key":"cards_json",
				"name":"cards_json"
			},
			{
				"isFolder":false,
				"key":"closebtn_disabled_png",
				"name":"closebtn_disabled_png"
			},
			{
				"isFolder":false,
				"key":"hscrollbtn_png",
				"name":"hscrollbtn_png"
			},
			{
				"isFolder":false,
				"key":"hscrolltrack_png",
				"name":"hscrolltrack_png"
			},
			{
				"isFolder":false,
				"key":"DropDownListButtonSkin_down_png",
				"name":"DropDownListButtonSkin_down_png"
			},
			{
				"isFolder":false,
				"key":"DropDownListButtonSkin_up_png",
				"name":"DropDownListButtonSkin_up_png"
			},
			{
				"isFolder":false,
				"key":"app_list_item_cutlline_png",
				"name":"app_list_item_cutlline_png"
			},
			{
				"isFolder":false,
				"key":"app_list_item_select_png",
				"name":"app_list_item_select_png"
			},
			{
				"isFolder":false,
				"key":"app_list_item_up_png",
				"name":"app_list_item_up_png"
			},
			{
				"isFolder":false,
				"key":"button_disabled_png",
				"name":"button_disabled_png"
			},
			{
				"isFolder":false,
				"key":"button_down_png",
				"name":"button_down_png"
			},
			{
				"isFolder":false,
				"key":"button_normal_png",
				"name":"button_normal_png"
			},
			{
				"isFolder":false,
				"key":"checkbox_select_disabled_png",
				"name":"checkbox_select_disabled_png"
			},
			{
				"isFolder":false,
				"key":"checkbox_select_normal_png",
				"name":"checkbox_select_normal_png"
			},
			{
				"isFolder":false,
				"key":"checkbox_select_over_png",
				"name":"checkbox_select_over_png"
			},
			{
				"isFolder":false,
				"key":"checkbox_unselect_disabled_png",
				"name":"checkbox_unselect_disabled_png"
			},
			{
				"isFolder":false,
				"key":"checkbox_unselect_normal_png",
				"name":"checkbox_unselect_normal_png"
			},
			{
				"isFolder":false,
				"key":"checkbox_unselect_over_png",
				"name":"checkbox_unselect_over_png"
			},
			{
				"isFolder":false,
				"key":"closebtn_down_png",
				"name":"closebtn_down_png"
			},
			{
				"isFolder":false,
				"key":"closebtn_up_png",
				"name":"closebtn_up_png"
			},
			{
				"isFolder":false,
				"key":"dropdownlist_arrow_down_png",
				"name":"dropdownlist_arrow_down_png"
			},
			{
				"isFolder":false,
				"key":"dropdownlist_arrow_up_png",
				"name":"dropdownlist_arrow_up_png"
			},
			{
				"isFolder":false,
				"key":"hslider_fill_png",
				"name":"hslider_fill_png"
			},
			{
				"isFolder":false,
				"key":"hslider_thumb_png",
				"name":"hslider_thumb_png"
			},
			{
				"isFolder":false,
				"key":"hslider_track_png",
				"name":"hslider_track_png"
			},
			{
				"isFolder":false,
				"key":"onoffbutton_off_label_png",
				"name":"onoffbutton_off_label_png"
			},
			{
				"isFolder":false,
				"key":"onoffbutton_off_thumb_png",
				"name":"onoffbutton_off_thumb_png"
			},
			{
				"isFolder":false,
				"key":"onoffbutton_off_track_png",
				"name":"onoffbutton_off_track_png"
			},
			{
				"isFolder":false,
				"key":"onoffbutton_on_label_png",
				"name":"onoffbutton_on_label_png"
			},
			{
				"isFolder":false,
				"key":"onoffbutton_on_thumb_png",
				"name":"onoffbutton_on_thumb_png"
			},
			{
				"isFolder":false,
				"key":"onoffbutton_on_track_png",
				"name":"onoffbutton_on_track_png"
			},
			{
				"isFolder":false,
				"key":"panel_back_png",
				"name":"panel_back_png"
			},
			{
				"isFolder":false,
				"key":"panel_headeback_png",
				"name":"panel_headeback_png"
			},
			{
				"isFolder":false,
				"key":"progressbar_fill_png",
				"name":"progressbar_fill_png"
			},
			{
				"isFolder":false,
				"key":"progressbar_track_png",
				"name":"progressbar_track_png"
			},
			{
				"isFolder":false,
				"key":"radiobutton_select_disabled_png",
				"name":"radiobutton_select_disabled_png"
			},
			{
				"isFolder":false,
				"key":"radiobutton_select_normal_png",
				"name":"radiobutton_select_normal_png"
			},
			{
				"isFolder":false,
				"key":"radiobutton_select_over_png",
				"name":"radiobutton_select_over_png"
			},
			{
				"isFolder":false,
				"key":"radiobutton_unselect_disabled_png",
				"name":"radiobutton_unselect_disabled_png"
			},
			{
				"isFolder":false,
				"key":"radiobutton_unselect_normal_png",
				"name":"radiobutton_unselect_normal_png"
			},
			{
				"isFolder":false,
				"key":"radiobutton_unselect_over_png",
				"name":"radiobutton_unselect_over_png"
			},
			{
				"isFolder":false,
				"key":"togglebutton_disabled_png",
				"name":"togglebutton_disabled_png"
			},
			{
				"isFolder":false,
				"key":"togglebutton_normal_png",
				"name":"togglebutton_normal_png"
			},
			{
				"isFolder":false,
				"key":"togglebutton_selected_png",
				"name":"togglebutton_selected_png"
			},
			{
				"isFolder":false,
				"key":"tree_back_png",
				"name":"tree_back_png"
			},
			{
				"isFolder":false,
				"key":"tree_btndisabled_png",
				"name":"tree_btndisabled_png"
			},
			{
				"isFolder":false,
				"key":"tree_btndisabledselect_png",
				"name":"tree_btndisabledselect_png"
			},
			{
				"isFolder":false,
				"key":"tree_btndown_png",
				"name":"tree_btndown_png"
			},
			{
				"isFolder":false,
				"key":"tree_btndownselect_png",
				"name":"tree_btndownselect_png"
			},
			{
				"isFolder":false,
				"key":"tree_btnup_png",
				"name":"tree_btnup_png"
			},
			{
				"isFolder":false,
				"key":"tree_btnupselect_png",
				"name":"tree_btnupselect_png"
			},
			{
				"isFolder":false,
				"key":"tree_icon_dir_png",
				"name":"tree_icon_dir_png"
			},
			{
				"isFolder":false,
				"key":"tree_icon_file_png",
				"name":"tree_icon_file_png"
			},
			{
				"isFolder":false,
				"key":"vslider_fill_png",
				"name":"vslider_fill_png"
			},
			{
				"isFolder":false,
				"key":"vslider_thumb_png",
				"name":"vslider_thumb_png"
			},
			{
				"isFolder":false,
				"key":"vslider_track_png",
				"name":"vslider_track_png"
			},
			{
				"isFolder":false,
				"key":"textbox_png",
				"name":"textbox_png"
			},
			{
				"isFolder":false,
				"key":"togglebutton_over_png",
				"name":"togglebutton_over_png"
			},
			{
				"isFolder":false,
				"key":"vscrollbtn_png",
				"name":"vscrollbtn_png"
			},
			{
				"isFolder":false,
				"key":"vscrolltrack_png",
				"name":"vscrolltrack_png"
			},
			{
				"isFolder":false,
				"key":"card_back_png",
				"name":"card_back_png"
			},
			{
				"isFolder":false,
				"key":"farmer_boy_png",
				"name":"farmer_boy_png"
			},
			{
				"isFolder":false,
				"key":"farmer_girl_png",
				"name":"farmer_girl_png"
			},
			{
				"isFolder":false,
				"key":"lord_boy_png",
				"name":"lord_boy_png"
			},
			{
				"children":[
				{
					"isFolder":false,
					"key":"0",
					"name":"0"
				},
				{
					"isFolder":false,
					"key":"1",
					"name":"1"
				},
				{
					"isFolder":false,
					"key":"10",
					"name":"10"
				},
				{
					"isFolder":false,
					"key":"11",
					"name":"11"
				},
				{
					"isFolder":false,
					"key":"12",
					"name":"12"
				},
				{
					"isFolder":false,
					"key":"13",
					"name":"13"
				},
				{
					"isFolder":false,
					"key":"14",
					"name":"14"
				},
				{
					"isFolder":false,
					"key":"15",
					"name":"15"
				},
				{
					"isFolder":false,
					"key":"16",
					"name":"16"
				},
				{
					"isFolder":false,
					"key":"17",
					"name":"17"
				},
				{
					"isFolder":false,
					"key":"18",
					"name":"18"
				},
				{
					"isFolder":false,
					"key":"19",
					"name":"19"
				},
				{
					"isFolder":false,
					"key":"2",
					"name":"2"
				},
				{
					"isFolder":false,
					"key":"20",
					"name":"20"
				},
				{
					"isFolder":false,
					"key":"21",
					"name":"21"
				},
				{
					"isFolder":false,
					"key":"22",
					"name":"22"
				},
				{
					"isFolder":false,
					"key":"23",
					"name":"23"
				},
				{
					"isFolder":false,
					"key":"24",
					"name":"24"
				},
				{
					"isFolder":false,
					"key":"25",
					"name":"25"
				},
				{
					"isFolder":false,
					"key":"26",
					"name":"26"
				},
				{
					"isFolder":false,
					"key":"27",
					"name":"27"
				},
				{
					"isFolder":false,
					"key":"28",
					"name":"28"
				},
				{
					"isFolder":false,
					"key":"29",
					"name":"29"
				},
				{
					"isFolder":false,
					"key":"3",
					"name":"3"
				},
				{
					"isFolder":false,
					"key":"30",
					"name":"30"
				},
				{
					"isFolder":false,
					"key":"31",
					"name":"31"
				},
				{
					"isFolder":false,
					"key":"32",
					"name":"32"
				},
				{
					"isFolder":false,
					"key":"33",
					"name":"33"
				},
				{
					"isFolder":false,
					"key":"34",
					"name":"34"
				},
				{
					"isFolder":false,
					"key":"35",
					"name":"35"
				},
				{
					"isFolder":false,
					"key":"36",
					"name":"36"
				},
				{
					"isFolder":false,
					"key":"37",
					"name":"37"
				},
				{
					"isFolder":false,
					"key":"38",
					"name":"38"
				},
				{
					"isFolder":false,
					"key":"39",
					"name":"39"
				},
				{
					"isFolder":false,
					"key":"4",
					"name":"4"
				},
				{
					"isFolder":false,
					"key":"40",
					"name":"40"
				},
				{
					"isFolder":false,
					"key":"41",
					"name":"41"
				},
				{
					"isFolder":false,
					"key":"42",
					"name":"42"
				},
				{
					"isFolder":false,
					"key":"43",
					"name":"43"
				},
				{
					"isFolder":false,
					"key":"44",
					"name":"44"
				},
				{
					"isFolder":false,
					"key":"45",
					"name":"45"
				},
				{
					"isFolder":false,
					"key":"46",
					"name":"46"
				},
				{
					"isFolder":false,
					"key":"47",
					"name":"47"
				},
				{
					"isFolder":false,
					"key":"48",
					"name":"48"
				},
				{
					"isFolder":false,
					"key":"49",
					"name":"49"
				},
				{
					"isFolder":false,
					"key":"5",
					"name":"5"
				},
				{
					"isFolder":false,
					"key":"50",
					"name":"50"
				},
				{
					"isFolder":false,
					"key":"51",
					"name":"51"
				},
				{
					"isFolder":false,
					"key":"52",
					"name":"52"
				},
				{
					"isFolder":false,
					"key":"53",
					"name":"53"
				},
				{
					"isFolder":false,
					"key":"6",
					"name":"6"
				},
				{
					"isFolder":false,
					"key":"7",
					"name":"7"
				},
				{
					"isFolder":false,
					"key":"8",
					"name":"8"
				},
				{
					"isFolder":false,
					"key":"9",
					"name":"9"
				}],
				"isFolder":false,
				"key":"small_card_json",
				"name":"small_card_json"
			},
			{
				"isFolder":false,
				"key":"bg1_png",
				"name":"bg1_png"
			},
			{
				"isFolder":false,
				"key":"bg2_jpg",
				"name":"bg2_jpg"
			},
			{
				"isFolder":false,
				"key":"bg3_png",
				"name":"bg3_png"
			},
			{
				"isFolder":false,
				"key":"bg4_png",
				"name":"bg4_png"
			},
			{
				"isFolder":false,
				"key":"bg_png",
				"name":"bg_png"
			},
			{
				"isFolder":false,
				"key":"h_advice0_png",
				"name":"h_advice0_png"
			},
			{
				"isFolder":false,
				"key":"h_advice1_png",
				"name":"h_advice1_png"
			},
			{
				"isFolder":false,
				"key":"h_help0_png",
				"name":"h_help0_png"
			},
			{
				"isFolder":false,
				"key":"h_help1_png",
				"name":"h_help1_png"
			},
			{
				"isFolder":false,
				"key":"h_set0_png",
				"name":"h_set0_png"
			},
			{
				"isFolder":false,
				"key":"h_set1_png",
				"name":"h_set1_png"
			},
			{
				"isFolder":false,
				"key":"quick_0_png",
				"name":"quick_0_png"
			},
			{
				"isFolder":false,
				"key":"quick_1_png",
				"name":"quick_1_png"
			},
			{
				"isFolder":false,
				"key":"room_bg_png",
				"name":"room_bg_png"
			},
			{
				"isFolder":false,
				"key":"header_frame_png",
				"name":"header_frame_png"
			},
			{
				"isFolder":false,
				"key":"gold_back_png",
				"name":"gold_back_png"
			},
			{
				"isFolder":false,
				"key":"gold_png",
				"name":"gold_png"
			},
			{
				"isFolder":false,
				"key":"bg2_png",
				"name":"bg2_png"
			},
			{
				"isFolder":false,
				"key":"bg5_png",
				"name":"bg5_png"
			},
			{
				"isFolder":false,
				"key":"bg6_png",
				"name":"bg6_png"
			},
			{
				"isFolder":false,
				"key":"bg7_png",
				"name":"bg7_png"
			},
			{
				"isFolder":false,
				"key":"bg8_png",
				"name":"bg8_png"
			},
			{
				"isFolder":false,
				"key":"bg9_png",
				"name":"bg9_png"
			},
			{
				"isFolder":false,
				"key":"btn10_0_png",
				"name":"btn10_0_png"
			},
			{
				"isFolder":false,
				"key":"btn10_1_png",
				"name":"btn10_1_png"
			},
			{
				"isFolder":false,
				"key":"btn11_0_png",
				"name":"btn11_0_png"
			},
			{
				"isFolder":false,
				"key":"btn11_1_png",
				"name":"btn11_1_png"
			},
			{
				"isFolder":false,
				"key":"btn12_0_png",
				"name":"btn12_0_png"
			},
			{
				"isFolder":false,
				"key":"btn12_1_png",
				"name":"btn12_1_png"
			},
			{
				"isFolder":false,
				"key":"btn13_0_png",
				"name":"btn13_0_png"
			},
			{
				"isFolder":false,
				"key":"btn13_1_png",
				"name":"btn13_1_png"
			},
			{
				"isFolder":false,
				"key":"btn1_0_png",
				"name":"btn1_0_png"
			},
			{
				"isFolder":false,
				"key":"btn1_1_png",
				"name":"btn1_1_png"
			},
			{
				"isFolder":false,
				"key":"btn2_0_png",
				"name":"btn2_0_png"
			},
			{
				"isFolder":false,
				"key":"btn2_1_png",
				"name":"btn2_1_png"
			},
			{
				"isFolder":false,
				"key":"btn3_0_png",
				"name":"btn3_0_png"
			},
			{
				"isFolder":false,
				"key":"btn3_1_png",
				"name":"btn3_1_png"
			},
			{
				"isFolder":false,
				"key":"btn4_0_png",
				"name":"btn4_0_png"
			},
			{
				"isFolder":false,
				"key":"btn4_1_png",
				"name":"btn4_1_png"
			},
			{
				"isFolder":false,
				"key":"btn_d1_png",
				"name":"btn_d1_png"
			},
			{
				"isFolder":false,
				"key":"btn_d2_png",
				"name":"btn_d2_png"
			},
			{
				"isFolder":false,
				"key":"btn_small_1_0_png",
				"name":"btn_small_1_0_png"
			},
			{
				"isFolder":false,
				"key":"btn_small_1_1_png",
				"name":"btn_small_1_1_png"
			},
			{
				"isFolder":false,
				"key":"btn_small_3_0_png",
				"name":"btn_small_3_0_png"
			},
			{
				"isFolder":false,
				"key":"btn_small_3_1_png",
				"name":"btn_small_3_1_png"
			},
			{
				"isFolder":false,
				"key":"close0_png",
				"name":"close0_png"
			},
			{
				"isFolder":false,
				"key":"close1_png",
				"name":"close1_png"
			},
			{
				"isFolder":false,
				"key":"close_0_png",
				"name":"close_0_png"
			},
			{
				"isFolder":false,
				"key":"close_1_png",
				"name":"close_1_png"
			},
			{
				"isFolder":false,
				"key":"icon_female_png",
				"name":"icon_female_png"
			},
			{
				"isFolder":false,
				"key":"icon_male_png",
				"name":"icon_male_png"
			},
			{
				"isFolder":false,
				"key":"set_check0_png",
				"name":"set_check0_png"
			},
			{
				"isFolder":false,
				"key":"set_check1_png",
				"name":"set_check1_png"
			},
			{
				"isFolder":false,
				"key":"btn_trustee0_png",
				"name":"btn_trustee0_png"
			},
			{
				"isFolder":false,
				"key":"btn_trustee1_png",
				"name":"btn_trustee1_png"
			},
			{
				"isFolder":false,
				"key":"change0_png",
				"name":"change0_png"
			},
			{
				"isFolder":false,
				"key":"change111110_png",
				"name":"change111110_png"
			},
			{
				"isFolder":false,
				"key":"change11111_png",
				"name":"change11111_png"
			},
			{
				"isFolder":false,
				"key":"change1_png",
				"name":"change1_png"
			},
			{
				"isFolder":false,
				"key":"charge0_png",
				"name":"charge0_png"
			},
			{
				"isFolder":false,
				"key":"charge111110_png",
				"name":"charge111110_png"
			},
			{
				"isFolder":false,
				"key":"charge111111_png",
				"name":"charge111111_png"
			},
			{
				"isFolder":false,
				"key":"charge1_png",
				"name":"charge1_png"
			},
			{
				"isFolder":false,
				"key":"grade_png",
				"name":"grade_png"
			},
			{
				"isFolder":false,
				"key":"lab_call_png",
				"name":"lab_call_png"
			},
			{
				"isFolder":false,
				"key":"lab_nocall_png",
				"name":"lab_nocall_png"
			},
			{
				"isFolder":false,
				"key":"lab_nopass_png",
				"name":"lab_nopass_png"
			},
			{
				"isFolder":false,
				"key":"lab_norob_png",
				"name":"lab_norob_png"
			},
			{
				"isFolder":false,
				"key":"lab_push_png",
				"name":"lab_push_png"
			},
			{
				"isFolder":false,
				"key":"lab_reset_png",
				"name":"lab_reset_png"
			},
			{
				"isFolder":false,
				"key":"lab_rob_png",
				"name":"lab_rob_png"
			},
			{
				"isFolder":false,
				"key":"lab_tip_png",
				"name":"lab_tip_png"
			},
			{
				"isFolder":false,
				"key":"lord_girl_png",
				"name":"lord_girl_png"
			},
			{
				"isFolder":false,
				"key":"paopao1_png",
				"name":"paopao1_png"
			},
			{
				"isFolder":false,
				"key":"paopao_png",
				"name":"paopao_png"
			},
			{
				"isFolder":false,
				"key":"player_common_bg00_png",
				"name":"player_common_bg00_png"
			},
			{
				"isFolder":false,
				"key":"player_common_bg0_png",
				"name":"player_common_bg0_png"
			},
			{
				"isFolder":false,
				"key":"player_common_bg1_png",
				"name":"player_common_bg1_png"
			},
			{
				"isFolder":false,
				"key":"player_common_bg_png",
				"name":"player_common_bg_png"
			},
			{
				"isFolder":false,
				"key":"prepare_png",
				"name":"prepare_png"
			},
			{
				"isFolder":false,
				"key":"rate_png",
				"name":"rate_png"
			},
			{
				"isFolder":false,
				"key":"return0_png",
				"name":"return0_png"
			},
			{
				"isFolder":false,
				"key":"return1_png",
				"name":"return1_png"
			},
			{
				"isFolder":false,
				"key":"robot_png",
				"name":"robot_png"
			},
			{
				"isFolder":false,
				"key":"room_0_png",
				"name":"room_0_png"
			},
			{
				"isFolder":false,
				"key":"room_1_png",
				"name":"room_1_png"
			},
			{
				"isFolder":false,
				"key":"room_2_png",
				"name":"room_2_png"
			},
			{
				"isFolder":false,
				"key":"room_3_png",
				"name":"room_3_png"
			},
			{
				"isFolder":false,
				"key":"room_4_png",
				"name":"room_4_png"
			},
			{
				"isFolder":false,
				"key":"room_5_png",
				"name":"room_5_png"
			},
			{
				"isFolder":false,
				"key":"room_6_png",
				"name":"room_6_png"
			},
			{
				"isFolder":false,
				"key":"room_clock_png",
				"name":"room_clock_png"
			},
			{
				"isFolder":false,
				"key":"set0_png",
				"name":"set0_png"
			},
			{
				"isFolder":false,
				"key":"set1_png",
				"name":"set1_png"
			},
			{
				"isFolder":false,
				"key":"talk0111_png",
				"name":"talk0111_png"
			},
			{
				"isFolder":false,
				"key":"talk0_png",
				"name":"talk0_png"
			},
			{
				"isFolder":false,
				"key":"talk11111_png",
				"name":"talk11111_png"
			},
			{
				"isFolder":false,
				"key":"talk1_png",
				"name":"talk1_png"
			},
			{
				"isFolder":false,
				"key":"talk_png",
				"name":"talk_png"
			},
			{
				"isFolder":false,
				"key":"title_bg_png",
				"name":"title_bg_png"
			},
			{
				"isFolder":false,
				"key":"trustee0_png",
				"name":"trustee0_png"
			},
			{
				"isFolder":false,
				"key":"trustee11110_png",
				"name":"trustee11110_png"
			},
			{
				"isFolder":false,
				"key":"trustee1111_png",
				"name":"trustee1111_png"
			},
			{
				"isFolder":false,
				"key":"trustee1_png",
				"name":"trustee1_png"
			},
			{
				"isFolder":false,
				"key":"clock_shake_png",
				"name":"clock_shake_png"
			},
			{
				"isFolder":false,
				"key":"clock_png",
				"name":"clock_png"
			}]
		}
	},
	"theme":"resource/theme.thm"
}