{
	"groups":[
	{
		"keys":"config_json,robot_json",
		"name":"preload"
	},
	{
		"keys":"checkbox_select_disabled_png,checkbox_select_normal_png,checkbox_unselect_disabled_png,checkbox_unselect_normal_png,hslider_fill_png,hslider_thumb_png,hslider_track_png,button_disabled_png,button_down_png,button_normal_png,panel_back_png,progressbar_fill_png,progressbar_track_png,radiobutton_select_disabled_png,radiobutton_select_normal_png,radiobutton_unselect_disabled_png,radiobutton_unselect_normal_png,togglebutton_disabled_png,togglebutton_normal_png,togglebutton_selected_png,tree_back_png,tree_btndisabled_png,tree_btndisabledselect_png,tree_btndown_png,tree_btndownselect_png,tree_btnup_png,tree_btnupselect_png,vslider_fill_png,vslider_thumb_png,vslider_track_png,onoffbutton_off_label_png,onoffbutton_off_thumb_png,onoffbutton_off_track_png,onoffbutton_on_label_png,onoffbutton_on_thumb_png,onoffbutton_on_track_png,tree_icon_dir_png,tree_icon_file_png,panel_headeback_png,dropdownlist_arrow_down_png,dropdownlist_arrow_up_png,DropDownListButtonSkin_down_png,DropDownListButtonSkin_up_png,closebtn_disabled_png,closebtn_down_png,closebtn_up_png,app_list_item_cutlline_png,app_list_item_select_png,app_list_item_up_png,togglebutton_over_png,checkbox_select_over_png,checkbox_unselect_over_png,radiobutton_select_over_png,radiobutton_unselect_over_png,hscrollbtn_png,hscrolltrack_png,vscrollbtn_png,vscrolltrack_png,textbox_png",
		"name":"default"
	},
	{
		"keys":"h_advice0_png,h_advice1_png,h_help0_png,h_help1_png,h_set0_png,h_set1_png,quick_0_png,quick_1_png,room_bg_png",
		"name":"hall"
	},
	{
		"keys":"bg1_png,bg2_jpg,bg3_png,bg4_png,header_frame_png,gold_png,gold_back_png,bg_png,bg9_png,btn_d1_png,btn_d2_png,btn_small_1_0_png,btn_small_1_1_png,btn_small_3_0_png,btn_small_3_1_png,btn1_0_png,btn1_1_png,btn2_0_png,btn2_1_png,btn3_0_png,btn3_1_png,btn4_0_png,btn4_1_png,btn10_0_png,btn10_1_png,btn11_0_png,btn11_1_png,btn12_0_png,btn12_1_png,btn13_0_png,btn13_1_png,close_0_png,close_1_png,close0_png,close1_png,icon_female_png,icon_male_png,set_check0_png,set_check1_png,bg2_png,bg5_png,bg6_png,bg7_png,bg8_png",
		"name":"common"
	},
	{
		"keys":"cards_json,small_card_json,btn_trustee0_png,btn_trustee1_png,card_back_png,change0_png,change1_png,change11111_png,change111110_png,charge0_png,charge1_png,charge111110_png,charge111111_png,farmer_boy_png,farmer_girl_png,grade_png,lab_call_png,lab_nocall_png,lab_nopass_png,lab_norob_png,lab_push_png,lab_reset_png,lab_rob_png,lab_tip_png,lord_boy_png,lord_girl_png,paopao_png,paopao1_png,player_common_bg_png,player_common_bg00_png,player_common_bg0_png,player_common_bg1_png,prepare_png,rate_png,return0_png,return1_png,robot_png,room_0_png,room_1_png,room_2_png,room_3_png,room_4_png,room_5_png,room_6_png,room_clock_png,set0_png,set1_png,talk_png,talk0_png,talk1_png,talk0111_png,talk11111_png,title_bg_png,trustee0_png,trustee1_png,trustee1111_png,trustee11110_png,clock_png",
		"name":"room"
	}],
	"resources":[
	{
		"name":"checkbox_select_disabled_png",
		"type":"image",
		"url":"assets/simple/CheckBox/checkbox-select_disabled.png"
	},
	{
		"name":"checkbox_select_normal_png",
		"type":"image",
		"url":"assets/simple/CheckBox/checkbox-select_normal.png"
	},
	{
		"name":"checkbox_unselect_disabled_png",
		"type":"image",
		"url":"assets/simple/CheckBox/checkbox-unselect_disabled.png"
	},
	{
		"name":"checkbox_unselect_normal_png",
		"type":"image",
		"url":"assets/simple/CheckBox/checkbox-unselect_normal.png"
	},
	{
		"name":"hslider_fill_png",
		"scale9grid":"1,1,13,2",
		"type":"image",
		"url":"assets/simple/HSlider/HSlider_fill.png"
	},
	{
		"name":"hslider_thumb_png",
		"type":"image",
		"url":"assets/simple/HSlider/HSlider_thumb.png"
	},
	{
		"name":"hslider_track_png",
		"scale9grid":"1,1,13,2",
		"type":"image",
		"url":"assets/simple/HSlider/HSlider_track.png"
	},
	{
		"name":"button_disabled_png",
		"scale9grid":"3,4,14,13",
		"type":"image",
		"url":"assets/simple/NormalButton/button_disabled.png"
	},
	{
		"name":"button_down_png",
		"scale9grid":"4,3,13,14",
		"type":"image",
		"url":"assets/simple/NormalButton/button_down.png"
	},
	{
		"name":"button_normal_png",
		"scale9grid":"4,3,13,15",
		"type":"image",
		"url":"assets/simple/NormalButton/button_normal.png"
	},
	{
		"name":"panel_back_png",
		"scale9grid":"19,21,15,13",
		"type":"image",
		"url":"assets/simple/Panel/Panel_back.png"
	},
	{
		"name":"progressbar_fill_png",
		"type":"image",
		"url":"assets/simple/ProgressBar/Progressbar_fill.png"
	},
	{
		"name":"progressbar_track_png",
		"scale9grid":"1,1,28,8",
		"type":"image",
		"url":"assets/simple/ProgressBar/Progressbar_track.png"
	},
	{
		"name":"radiobutton_select_disabled_png",
		"type":"image",
		"url":"assets/simple/RadioButton/RadioButton_select_disabled.png"
	},
	{
		"name":"radiobutton_select_normal_png",
		"type":"image",
		"url":"assets/simple/RadioButton/RadioButton_select_normal.png"
	},
	{
		"name":"radiobutton_unselect_disabled_png",
		"type":"image",
		"url":"assets/simple/RadioButton/RadioButton_unselect_disabled.png"
	},
	{
		"name":"radiobutton_unselect_normal_png",
		"type":"image",
		"url":"assets/simple/RadioButton/RadioButton_unselect_normal.png"
	},
	{
		"name":"togglebutton_disabled_png",
		"scale9grid":"3,3,9,2",
		"type":"image",
		"url":"assets/simple/ToggleButton/togglebutton_disabled.png"
	},
	{
		"name":"togglebutton_normal_png",
		"scale9grid":"3,3,9,2",
		"type":"image",
		"url":"assets/simple/ToggleButton/togglebutton_normal.png"
	},
	{
		"name":"togglebutton_selected_png",
		"scale9grid":"3,3,9,2",
		"type":"image",
		"url":"assets/simple/ToggleButton/togglebutton_selected.png"
	},
	{
		"name":"tree_back_png",
		"scale9grid":"4,5,26,25",
		"type":"image",
		"url":"assets/simple/Tree/tree_back.png"
	},
	{
		"name":"tree_btndisabled_png",
		"type":"image",
		"url":"assets/simple/Tree/tree_btnDisabled.png"
	},
	{
		"name":"tree_btndisabledselect_png",
		"type":"image",
		"url":"assets/simple/Tree/tree_btnDisabledSelect.png"
	},
	{
		"name":"tree_btndown_png",
		"type":"image",
		"url":"assets/simple/Tree/tree_btnDown.png"
	},
	{
		"name":"tree_btndownselect_png",
		"type":"image",
		"url":"assets/simple/Tree/tree_btnDownSelect.png"
	},
	{
		"name":"tree_btnup_png",
		"type":"image",
		"url":"assets/simple/Tree/tree_btnUp.png"
	},
	{
		"name":"tree_btnupselect_png",
		"type":"image",
		"url":"assets/simple/Tree/tree_btnUpSelect.png"
	},
	{
		"name":"vslider_fill_png",
		"scale9grid":"1,1,2,13",
		"type":"image",
		"url":"assets/simple/VSlider/VSlider_fill.png"
	},
	{
		"name":"vslider_thumb_png",
		"type":"image",
		"url":"assets/simple/VSlider/VSlider_thumb.png"
	},
	{
		"name":"vslider_track_png",
		"scale9grid":"1,1,2,13",
		"type":"image",
		"url":"assets/simple/VSlider/VSlider_track.png"
	},
	{
		"name":"onoffbutton_off_label_png",
		"type":"image",
		"url":"assets/simple/ONOFFButton/onoffbutton_off_label.png"
	},
	{
		"name":"onoffbutton_off_thumb_png",
		"type":"image",
		"url":"assets/simple/ONOFFButton/onoffbutton_off_thumb.png"
	},
	{
		"name":"onoffbutton_off_track_png",
		"type":"image",
		"url":"assets/simple/ONOFFButton/onoffbutton_off_track.png"
	},
	{
		"name":"onoffbutton_on_label_png",
		"type":"image",
		"url":"assets/simple/ONOFFButton/onoffbutton_on_label.png"
	},
	{
		"name":"onoffbutton_on_thumb_png",
		"type":"image",
		"url":"assets/simple/ONOFFButton/onoffbutton_on_thumb.png"
	},
	{
		"name":"onoffbutton_on_track_png",
		"type":"image",
		"url":"assets/simple/ONOFFButton/onoffbutton_on_track.png"
	},
	{
		"name":"tree_icon_dir_png",
		"type":"image",
		"url":"assets/simple/Tree/tree_icon_dir.png"
	},
	{
		"name":"tree_icon_file_png",
		"type":"image",
		"url":"assets/simple/Tree/tree_icon_file.png"
	},
	{
		"name":"panel_headeback_png",
		"scale9grid":"24,18,19,22",
		"type":"image",
		"url":"assets/simple/Panel/Panel_headeBack.png"
	},
	{
		"name":"dropdownlist_arrow_down_png",
		"type":"image",
		"url":"assets/simple/DropdownList/dropdownlist_arrow_down.png"
	},
	{
		"name":"dropdownlist_arrow_up_png",
		"type":"image",
		"url":"assets/simple/DropdownList/dropdownlist_arrow_up.png"
	},
	{
		"name":"DropDownListButtonSkin_down_png",
		"scale9grid":"3,3,4,19",
		"type":"image",
		"url":"assets/simple/DropdownList/DropDownListButtonSkin_down.png"
	},
	{
		"name":"DropDownListButtonSkin_up_png",
		"scale9grid":"3,3,4,19",
		"type":"image",
		"url":"assets/simple/DropdownList/DropDownListButtonSkin_up.png"
	},
	{
		"name":"closebtn_disabled_png",
		"type":"image",
		"url":"assets/simple/TitleWindow/closebtn_disabled.png"
	},
	{
		"name":"closebtn_down_png",
		"type":"image",
		"url":"assets/simple/TitleWindow/closebtn_down.png"
	},
	{
		"name":"closebtn_up_png",
		"type":"image",
		"url":"assets/simple/TitleWindow/closebtn_up.png"
	},
	{
		"name":"app_list_item_cutlline_png",
		"type":"image",
		"url":"assets/simple/ItemRenderer/app_list_item_cutlline.png"
	},
	{
		"name":"app_list_item_select_png",
		"type":"image",
		"url":"assets/simple/ItemRenderer/app_list_item_select.png"
	},
	{
		"name":"app_list_item_up_png",
		"type":"image",
		"url":"assets/simple/ItemRenderer/app_list_item_up.png"
	},
	{
		"name":"togglebutton_over_png",
		"scale9grid":"3,2,9,4",
		"type":"image",
		"url":"assets/simple/ToggleButton/togglebutton_over.png"
	},
	{
		"name":"checkbox_select_over_png",
		"type":"image",
		"url":"assets/simple/CheckBox/checkbox-select_over.png"
	},
	{
		"name":"checkbox_unselect_over_png",
		"type":"image",
		"url":"assets/simple/CheckBox/checkbox-unselect_over.png"
	},
	{
		"name":"radiobutton_select_over_png",
		"type":"image",
		"url":"assets/simple/RadioButton/RadioButton_select_over.png"
	},
	{
		"name":"radiobutton_unselect_over_png",
		"type":"image",
		"url":"assets/simple/RadioButton/RadioButton_unselect_over.png"
	},
	{
		"name":"hscrollbtn_png",
		"scale9grid":"4,4,2,2",
		"type":"image",
		"url":"assets/simple/HScrollBar/hscrollbtn.png"
	},
	{
		"name":"hscrolltrack_png",
		"type":"image",
		"url":"assets/simple/HScrollBar/hscrolltrack.png"
	},
	{
		"name":"vscrollbtn_png",
		"scale9grid":"4,4,2,2",
		"type":"image",
		"url":"assets/simple/VScrollBar/vscrollbtn.png"
	},
	{
		"name":"vscrolltrack_png",
		"type":"image",
		"url":"assets/simple/VScrollBar/vscrolltrack.png"
	},
	{
		"name":"textbox_png",
		"scale9grid":"1,1,143,21",
		"type":"image",
		"url":"assets/simple/TextInput/textbox.png"
	},
	{
		"name":"cards_json",
		"subkeys":"0,1,10,11,12,13,14,15,16,17,18,19,2,20,21,22,23,24,25,26,27,28,29,3,30,31,32,33,34,35,36,37,38,39,4,40,41,42,43,44,45,46,47,48,49,5,50,51,52,53,6,7,8,9",
		"type":"sheet",
		"url":"assets/sheets/cards.json"
	},
	{
		"name":"small_card_json",
		"subkeys":"small_0,small_1,small_10,small_11,small_12,small_13,small_14,small_15,small_16,small_17,small_18,small_19,small_2,small_20,small_21,small_22,small_23,small_24,small_25,small_26,small_27,small_28,small_29,small_3,small_30,small_31,small_32,small_33,small_34,small_35,small_36,small_37,small_38,small_39,small_4,small_40,small_41,small_42,small_43,small_44,small_45,small_46,small_47,small_48,small_49,small_5,small_50,small_51,small_52,small_53,small_6,small_7,small_8,small_9",
		"type":"sheet",
		"url":"assets/sheets/small_card.json"
	},
	{
		"name":"h_advice0_png",
		"type":"image",
		"url":"assets/imgs/hall/h_advice0.png"
	},
	{
		"name":"h_advice1_png",
		"type":"image",
		"url":"assets/imgs/hall/h_advice1.png"
	},
	{
		"name":"h_help0_png",
		"type":"image",
		"url":"assets/imgs/hall/h_help0.png"
	},
	{
		"name":"h_help1_png",
		"type":"image",
		"url":"assets/imgs/hall/h_help1.png"
	},
	{
		"name":"h_set0_png",
		"type":"image",
		"url":"assets/imgs/hall/h_set0.png"
	},
	{
		"name":"h_set1_png",
		"type":"image",
		"url":"assets/imgs/hall/h_set1.png"
	},
	{
		"name":"quick_0_png",
		"type":"image",
		"url":"assets/imgs/hall/quick_0.png"
	},
	{
		"name":"quick_1_png",
		"type":"image",
		"url":"assets/imgs/hall/quick_1.png"
	},
	{
		"name":"room_bg_png",
		"type":"image",
		"url":"assets/imgs/hall/room_bg.png"
	},
	{
		"name":"bg_png",
		"type":"image",
		"url":"assets/imgs/common/bg.png"
	},
	{
		"name":"bg1_png",
		"type":"image",
		"url":"assets/imgs/common/bg1.png"
	},
	{
		"name":"bg2_jpg",
		"type":"image",
		"url":"assets/imgs/common/bg2.jpg"
	},
	{
		"name":"bg3_png",
		"type":"image",
		"url":"assets/imgs/common/bg3.png"
	},
	{
		"name":"bg4_png",
		"type":"image",
		"url":"assets/imgs/common/bg4.png"
	},
	{
		"name":"header_frame_png",
		"scale9grid":"9,9,56,56",
		"type":"image",
		"url":"assets/imgs/common/header_frame.png"
	},
	{
		"name":"gold_png",
		"type":"image",
		"url":"assets/imgs/common/gold.png"
	},
	{
		"name":"gold_back_png",
		"type":"image",
		"url":"assets/imgs/common/gold_back.png"
	},
	{
		"name":"bg9_png",
		"type":"image",
		"url":"assets/imgs/common/bg9.png"
	},
	{
		"name":"btn_d1_png",
		"type":"image",
		"url":"assets/imgs/common/btn_d1.png"
	},
	{
		"name":"btn_d2_png",
		"type":"image",
		"url":"assets/imgs/common/btn_d2.png"
	},
	{
		"name":"btn_small_1_0_png",
		"type":"image",
		"url":"assets/imgs/common/btn_small_1_0.png"
	},
	{
		"name":"btn_small_1_1_png",
		"type":"image",
		"url":"assets/imgs/common/btn_small_1_1.png"
	},
	{
		"name":"btn_small_3_0_png",
		"type":"image",
		"url":"assets/imgs/common/btn_small_3_0.png"
	},
	{
		"name":"btn_small_3_1_png",
		"type":"image",
		"url":"assets/imgs/common/btn_small_3_1.png"
	},
	{
		"name":"btn1_0_png",
		"type":"image",
		"url":"assets/imgs/common/btn1_0.png"
	},
	{
		"name":"btn1_1_png",
		"type":"image",
		"url":"assets/imgs/common/btn1_1.png"
	},
	{
		"name":"btn2_0_png",
		"type":"image",
		"url":"assets/imgs/common/btn2_0.png"
	},
	{
		"name":"btn2_1_png",
		"type":"image",
		"url":"assets/imgs/common/btn2_1.png"
	},
	{
		"name":"btn3_0_png",
		"type":"image",
		"url":"assets/imgs/common/btn3_0.png"
	},
	{
		"name":"btn3_1_png",
		"type":"image",
		"url":"assets/imgs/common/btn3_1.png"
	},
	{
		"name":"btn4_0_png",
		"type":"image",
		"url":"assets/imgs/common/btn4_0.png"
	},
	{
		"name":"btn4_1_png",
		"type":"image",
		"url":"assets/imgs/common/btn4_1.png"
	},
	{
		"name":"btn10_0_png",
		"type":"image",
		"url":"assets/imgs/common/btn10_0.png"
	},
	{
		"name":"btn10_1_png",
		"type":"image",
		"url":"assets/imgs/common/btn10_1.png"
	},
	{
		"name":"btn11_0_png",
		"type":"image",
		"url":"assets/imgs/common/btn11_0.png"
	},
	{
		"name":"btn11_1_png",
		"type":"image",
		"url":"assets/imgs/common/btn11_1.png"
	},
	{
		"name":"btn12_0_png",
		"type":"image",
		"url":"assets/imgs/common/btn12_0.png"
	},
	{
		"name":"btn12_1_png",
		"type":"image",
		"url":"assets/imgs/common/btn12_1.png"
	},
	{
		"name":"btn13_0_png",
		"type":"image",
		"url":"assets/imgs/common/btn13_0.png"
	},
	{
		"name":"btn13_1_png",
		"type":"image",
		"url":"assets/imgs/common/btn13_1.png"
	},
	{
		"name":"close_0_png",
		"type":"image",
		"url":"assets/imgs/common/close_0.png"
	},
	{
		"name":"close_1_png",
		"type":"image",
		"url":"assets/imgs/common/close_1.png"
	},
	{
		"name":"close0_png",
		"type":"image",
		"url":"assets/imgs/common/close0.png"
	},
	{
		"name":"close1_png",
		"type":"image",
		"url":"assets/imgs/common/close1.png"
	},
	{
		"name":"icon_female_png",
		"type":"image",
		"url":"assets/imgs/common/icon_female.png"
	},
	{
		"name":"icon_male_png",
		"type":"image",
		"url":"assets/imgs/common/icon_male.png"
	},
	{
		"name":"set_check0_png",
		"type":"image",
		"url":"assets/imgs/common/set_check0.png"
	},
	{
		"name":"set_check1_png",
		"type":"image",
		"url":"assets/imgs/common/set_check1.png"
	},
	{
		"name":"bg2_png",
		"type":"image",
		"url":"assets/imgs/common/bg2.png"
	},
	{
		"name":"bg5_png",
		"type":"image",
		"url":"assets/imgs/common/bg5.png"
	},
	{
		"name":"bg6_png",
		"type":"image",
		"url":"assets/imgs/common/bg6.png"
	},
	{
		"name":"bg7_png",
		"type":"image",
		"url":"assets/imgs/common/bg7.png"
	},
	{
		"name":"bg8_png",
		"type":"image",
		"url":"assets/imgs/common/bg8.png"
	},
	{
		"name":"btn_trustee0_png",
		"type":"image",
		"url":"assets/imgs/room/btn_trustee0.png"
	},
	{
		"name":"btn_trustee1_png",
		"type":"image",
		"url":"assets/imgs/room/btn_trustee1.png"
	},
	{
		"name":"card_back_png",
		"type":"image",
		"url":"assets/imgs/room/card_back.png"
	},
	{
		"name":"change0_png",
		"type":"image",
		"url":"assets/imgs/room/change0.png"
	},
	{
		"name":"change1_png",
		"type":"image",
		"url":"assets/imgs/room/change1.png"
	},
	{
		"name":"change11111_png",
		"type":"image",
		"url":"assets/imgs/room/change11111.png"
	},
	{
		"name":"change111110_png",
		"type":"image",
		"url":"assets/imgs/room/change111110.png"
	},
	{
		"name":"charge0_png",
		"type":"image",
		"url":"assets/imgs/room/charge0.png"
	},
	{
		"name":"charge1_png",
		"type":"image",
		"url":"assets/imgs/room/charge1.png"
	},
	{
		"name":"charge111110_png",
		"type":"image",
		"url":"assets/imgs/room/charge111110.png"
	},
	{
		"name":"charge111111_png",
		"type":"image",
		"url":"assets/imgs/room/charge111111.png"
	},
	{
		"name":"farmer_boy_png",
		"type":"image",
		"url":"assets/imgs/room/farmer_boy.png"
	},
	{
		"name":"farmer_girl_png",
		"type":"image",
		"url":"assets/imgs/room/farmer_girl.png"
	},
	{
		"name":"grade_png",
		"type":"image",
		"url":"assets/imgs/room/grade.png"
	},
	{
		"name":"lab_call_png",
		"type":"image",
		"url":"assets/imgs/room/lab_call.png"
	},
	{
		"name":"lab_nocall_png",
		"type":"image",
		"url":"assets/imgs/room/lab_nocall.png"
	},
	{
		"name":"lab_nopass_png",
		"type":"image",
		"url":"assets/imgs/room/lab_nopass.png"
	},
	{
		"name":"lab_norob_png",
		"type":"image",
		"url":"assets/imgs/room/lab_norob.png"
	},
	{
		"name":"lab_push_png",
		"type":"image",
		"url":"assets/imgs/room/lab_push.png"
	},
	{
		"name":"lab_reset_png",
		"type":"image",
		"url":"assets/imgs/room/lab_reset.png"
	},
	{
		"name":"lab_rob_png",
		"type":"image",
		"url":"assets/imgs/room/lab_rob.png"
	},
	{
		"name":"lab_tip_png",
		"type":"image",
		"url":"assets/imgs/room/lab_tip.png"
	},
	{
		"name":"lord_boy_png",
		"type":"image",
		"url":"assets/imgs/room/lord_boy.png"
	},
	{
		"name":"lord_girl_png",
		"type":"image",
		"url":"assets/imgs/room/lord_girl.png"
	},
	{
		"name":"paopao_png",
		"type":"image",
		"url":"assets/imgs/room/paopao.png"
	},
	{
		"name":"paopao1_png",
		"type":"image",
		"url":"assets/imgs/room/paopao1.png"
	},
	{
		"name":"player_common_bg_png",
		"type":"image",
		"url":"assets/imgs/room/player_common_bg.png"
	},
	{
		"name":"player_common_bg00_png",
		"type":"image",
		"url":"assets/imgs/room/player_common_bg00.png"
	},
	{
		"name":"player_common_bg0_png",
		"type":"image",
		"url":"assets/imgs/room/player_common_bg0.png"
	},
	{
		"name":"player_common_bg1_png",
		"type":"image",
		"url":"assets/imgs/room/player_common_bg1.png"
	},
	{
		"name":"prepare_png",
		"type":"image",
		"url":"assets/imgs/room/prepare.png"
	},
	{
		"name":"rate_png",
		"type":"image",
		"url":"assets/imgs/room/rate.png"
	},
	{
		"name":"return0_png",
		"type":"image",
		"url":"assets/imgs/room/return0.png"
	},
	{
		"name":"return1_png",
		"type":"image",
		"url":"assets/imgs/room/return1.png"
	},
	{
		"name":"robot_png",
		"type":"image",
		"url":"assets/imgs/room/robot.png"
	},
	{
		"name":"room_0_png",
		"type":"image",
		"url":"assets/imgs/room/room_0.png"
	},
	{
		"name":"room_1_png",
		"type":"image",
		"url":"assets/imgs/room/room_1.png"
	},
	{
		"name":"room_2_png",
		"type":"image",
		"url":"assets/imgs/room/room_2.png"
	},
	{
		"name":"room_3_png",
		"type":"image",
		"url":"assets/imgs/room/room_3.png"
	},
	{
		"name":"room_4_png",
		"type":"image",
		"url":"assets/imgs/room/room_4.png"
	},
	{
		"name":"room_5_png",
		"type":"image",
		"url":"assets/imgs/room/room_5.png"
	},
	{
		"name":"room_6_png",
		"type":"image",
		"url":"assets/imgs/room/room_6.png"
	},
	{
		"name":"room_clock_png",
		"type":"image",
		"url":"assets/imgs/room/room_clock.png"
	},
	{
		"name":"set0_png",
		"type":"image",
		"url":"assets/imgs/room/set0.png"
	},
	{
		"name":"set1_png",
		"type":"image",
		"url":"assets/imgs/room/set1.png"
	},
	{
		"name":"talk_png",
		"type":"image",
		"url":"assets/imgs/room/talk.png"
	},
	{
		"name":"talk0_png",
		"type":"image",
		"url":"assets/imgs/room/talk0.png"
	},
	{
		"name":"talk1_png",
		"type":"image",
		"url":"assets/imgs/room/talk1.png"
	},
	{
		"name":"talk0111_png",
		"type":"image",
		"url":"assets/imgs/room/talk0111.png"
	},
	{
		"name":"talk11111_png",
		"type":"image",
		"url":"assets/imgs/room/talk11111.png"
	},
	{
		"name":"title_bg_png",
		"type":"image",
		"url":"assets/imgs/room/title_bg.png"
	},
	{
		"name":"trustee0_png",
		"type":"image",
		"url":"assets/imgs/room/trustee0.png"
	},
	{
		"name":"trustee1_png",
		"type":"image",
		"url":"assets/imgs/room/trustee1.png"
	},
	{
		"name":"trustee1111_png",
		"type":"image",
		"url":"assets/imgs/room/trustee1111.png"
	},
	{
		"name":"trustee11110_png",
		"type":"image",
		"url":"assets/imgs/room/trustee11110.png"
	},
	{
		"name":"clock_png",
		"type":"image",
		"url":"assets/imgs/room/clock.png"
	},
	{
		"name":"clock_shake_json",
		"type":"json",
		"url":"assets/mc/clock_shake.json"
	},
	{
		"name":"clock_shake_png",
		"type":"image",
		"url":"assets/mc/clock_shake.png"
	},
	{
		"name":"config_json",
		"type":"json",
		"url":"config/config.json"
	},
	{
		"name":"robot_json",
		"type":"json",
		"url":"config/robot.json"
	}]
}