{
  "swagger": "2.0",
  "info": {
    "description": "This is a sample server Petstore server.  You can find out more about Swagger at [http://swagger.io](http://swagger.io) or on [irc.freenode.net, #swagger](http://swagger.io/irc/).  For this sample, you can use the api key `special-key` to test the authorization filters.",
    "version": "1.0.0",
    "title": "Swagger Petstore",
    "contact": {
      "email": "apiteam@swagger.io"
    }
  },
  "host": "localhost:9000",
  "basePath": "/api",
  "tags": [
    {
      "name": "property",
      "externalDocs": {
        "description": "Find out more",
        "url": "http://swagger.io"
      }
    },
    {
      "name": "user",
      "externalDocs": {
        "description": "Find out more about our store",
        "url": "http://swagger.io"
      }
    }
  ],
  "schemes": [
    "http"
  ],
  "paths": {
    "/property": {
      "post": {
        "tags": [
          "property"
        ],
        "summary": "Add a new property",
        "description": "",
        "operationId": "addPet",
        "consumes": [
          "application/json",
          "application/xml"
        ],
        "produces": [
          "application/xml",
          "application/json"
        ],
        "parameters": [
          {
            "in": "body",
            "name": "body",
            "description": "Pet object that needs to be added to the store",
            "required": true,
            "schema": {
              "$ref": "#/definitions/Pet"
            }
          }
        ],
        "responses": {
          "405": {
            "description": "Invalid input"
          }
        },
        "security": [
          {
            "petstore_auth": [
              "write:pets",
              "read:pets"
            ]
          }
        ]
      },
      "put": {
        "tags": [
          "property"
        ],
        "summary": "Update an existing property",
        "description": "",
        "operationId": "updatePet",
        "consumes": [
          "application/json",
          "application/xml"
        ],
        "produces": [
          "application/xml",
          "application/json"
        ],
        "parameters": [
          {
            "in": "body",
            "name": "body",
            "description": "Pet object that needs to be added to the store",
            "required": true,
            "schema": {
              "$ref": "#/definitions/Pet"
            }
          }
        ],
        "responses": {
          "400": {
            "description": "Invalid ID supplied"
          },
          "404": {
            "description": "Pet not found"
          },
          "405": {
            "description": "Validation exception"
          }
        },
        "security": [
          {
            "petstore_auth": [
              "write:pets",
              "read:pets"
            ]
          }
        ]
      }
    },
    "/property/{id}": {
      "get": {
        "tags": [
          "property"
        ]
      }
    },
    "/property/getByPostcode/{postcode}": {
      "get": {
        "tags": [
          "property"
        ],
        "summary": "Search existing properties by Postcode",
        "description": "",
        "operationId": "getByPostcode",
        "consumes": [
          "application/json"
        ],
        "produces": [
          "application/xml"
        ],
        "parameters": [
          {
            "name": "postcode",
            "in": "path",
            "description": "Postcode",
            "default": "kt22 9dt",
            "required": true,
            "type": "string",
            "maximum": 11,
            "minimum": 1,
            "format": "string"
          }
        ],
        "responses": {
          "404": {
            "description": "No property with postcode"
          },
          "405": {
            "description": "Invalid input"
          }
        }
      }
    },
    "/user": {
      "get": {
        "tags": [
          "user"
        ]
      },
      "post": {
        "tags": [
          "user"
        ]
      }
    },
    "/user/{id}": {
      "get": {
        "tags": [
          "user"
        ]
      },
      "delete": {
        "tags": [
          "user"
        ]
      }
    },
    "/user/{id}/password": {
      "put": {
        "tags": [
          "user"
        ]
      }
    },
    "/user/me": {
      "get": {
        "tags": [
          "user"
        ]
      }
    }
  },
  "securityDefinitions": {
    "petstore_auth": {
      "type": "oauth2",
      "authorizationUrl": "http://petstore.swagger.io/api/oauth/dialog",
      "flow": "implicit",
      "scopes": {
        "write:pets": "modify pets in your account",
        "read:pets": "read your pets"
      }
    },
    "api_key": {
      "type": "apiKey",
      "name": "api_key",
      "in": "header"
    }
  },
  "definitions": {
    "Order": {
      "type": "object",
      "properties": {
        "id": {
          "type": "integer",
          "format": "int64"
        },
        "petId": {
          "type": "integer",
          "format": "int64"
        },
        "quantity": {
          "type": "integer",
          "format": "int32"
        },
        "shipDate": {
          "type": "string",
          "format": "date-time"
        },
        "status": {
          "type": "string",
          "description": "Order Status",
          "enum": [
            "placed",
            "approved",
            "delivered"
          ]
        },
        "complete": {
          "type": "boolean",
          "default": false
        }
      },
      "xml": {
        "name": "Order"
      }
    },
    "User": {
      "type": "object",
      "properties": {
        "id": {
          "type": "integer",
          "format": "int64"
        },
        "username": {
          "type": "string"
        },
        "firstName": {
          "type": "string"
        },
        "lastName": {
          "type": "string"
        },
        "email": {
          "type": "string"
        },
        "password": {
          "type": "string"
        },
        "phone": {
          "type": "string"
        },
        "userStatus": {
          "type": "integer",
          "format": "int32",
          "description": "User Status"
        }
      },
      "xml": {
        "name": "User"
      }
    },
    "Category": {
      "type": "object",
      "properties": {
        "id": {
          "type": "integer",
          "format": "int64"
        },
        "name": {
          "type": "string"
        }
      },
      "xml": {
        "name": "Category"
      }
    },
    "Tag": {
      "type": "object",
      "properties": {
        "id": {
          "type": "integer",
          "format": "int64"
        },
        "name": {
          "type": "string"
        }
      },
      "xml": {
        "name": "Tag"
      }
    },
    "ApiResponse": {
      "type": "object",
      "properties": {
        "code": {
          "type": "integer",
          "format": "int32"
        },
        "type": {
          "type": "string"
        },
        "message": {
          "type": "string"
        }
      }
    }
  },
  "externalDocs": {
    "description": "Find out more about Swagger",
    "url": "http://swagger.io"
  }
}
