{"file":"cards.png","frames":{
"0":{"x":1,"y":1,"w":71,"h":97,"offX":0,"offY":0,"sourceW":71,"sourceH":97},
"1":{"x":74,"y":1,"w":71,"h":97,"offX":0,"offY":0,"sourceW":71,"sourceH":97},
"2":{"x":147,"y":1,"w":71,"h":97,"offX":0,"offY":0,"sourceW":71,"sourceH":97},
"3":{"x":220,"y":1,"w":71,"h":97,"offX":0,"offY":0,"sourceW":71,"sourceH":97},
"4":{"x":293,"y":1,"w":71,"h":97,"offX":0,"offY":0,"sourceW":71,"sourceH":97},
"5":{"x":366,"y":1,"w":71,"h":97,"offX":0,"offY":0,"sourceW":71,"sourceH":97},
"6":{"x":439,"y":1,"w":71,"h":97,"offX":0,"offY":0,"sourceW":71,"sourceH":97},
"7":{"x":512,"y":1,"w":71,"h":97,"offX":0,"offY":0,"sourceW":71,"sourceH":97},
"8":{"x":585,"y":1,"w":71,"h":97,"offX":0,"offY":0,"sourceW":71,"sourceH":97},
"9":{"x":658,"y":1,"w":71,"h":97,"offX":0,"offY":0,"sourceW":71,"sourceH":97},
"10":{"x":731,"y":1,"w":71,"h":97,"offX":0,"offY":0,"sourceW":71,"sourceH":97},
"11":{"x":804,"y":1,"w":71,"h":97,"offX":0,"offY":0,"sourceW":71,"sourceH":97},
"12":{"x":877,"y":1,"w":71,"h":97,"offX":0,"offY":0,"sourceW":71,"sourceH":97},
"13":{"x":950,"y":1,"w":71,"h":97,"offX":0,"offY":0,"sourceW":71,"sourceH":97},
"14":{"x":1,"y":100,"w":71,"h":97,"offX":0,"offY":0,"sourceW":71,"sourceH":97},
"15":{"x":74,"y":100,"w":71,"h":97,"offX":0,"offY":0,"sourceW":71,"sourceH":97},
"16":{"x":147,"y":100,"w":71,"h":97,"offX":0,"offY":0,"sourceW":71,"sourceH":97},
"17":{"x":220,"y":100,"w":71,"h":97,"offX":0,"offY":0,"sourceW":71,"sourceH":97},
"18":{"x":293,"y":100,"w":71,"h":97,"offX":0,"offY":0,"sourceW":71,"sourceH":97},
"19":{"x":366,"y":100,"w":71,"h":97,"offX":0,"offY":0,"sourceW":71,"sourceH":97},
"20":{"x":439,"y":100,"w":71,"h":97,"offX":0,"offY":0,"sourceW":71,"sourceH":97},
"21":{"x":512,"y":100,"w":71,"h":97,"offX":0,"offY":0,"sourceW":71,"sourceH":97},
"22":{"x":585,"y":100,"w":71,"h":97,"offX":0,"offY":0,"sourceW":71,"sourceH":97},
"23":{"x":658,"y":100,"w":71,"h":97,"offX":0,"offY":0,"sourceW":71,"sourceH":97},
"24":{"x":731,"y":100,"w":71,"h":97,"offX":0,"offY":0,"sourceW":71,"sourceH":97},
"25":{"x":804,"y":100,"w":71,"h":97,"offX":0,"offY":0,"sourceW":71,"sourceH":97},
"26":{"x":877,"y":100,"w":71,"h":97,"offX":0,"offY":0,"sourceW":71,"sourceH":97},
"27":{"x":950,"y":100,"w":71,"h":97,"offX":0,"offY":0,"sourceW":71,"sourceH":97},
"28":{"x":1,"y":199,"w":71,"h":97,"offX":0,"offY":0,"sourceW":71,"sourceH":97},
"29":{"x":74,"y":199,"w":71,"h":97,"offX":0,"offY":0,"sourceW":71,"sourceH":97},
"30":{"x":147,"y":199,"w":71,"h":97,"offX":0,"offY":0,"sourceW":71,"sourceH":97},
"31":{"x":220,"y":199,"w":71,"h":97,"offX":0,"offY":0,"sourceW":71,"sourceH":97},
"32":{"x":293,"y":199,"w":71,"h":97,"offX":0,"offY":0,"sourceW":71,"sourceH":97},
"33":{"x":366,"y":199,"w":71,"h":97,"offX":0,"offY":0,"sourceW":71,"sourceH":97},
"34":{"x":439,"y":199,"w":71,"h":97,"offX":0,"offY":0,"sourceW":71,"sourceH":97},
"35":{"x":512,"y":199,"w":71,"h":97,"offX":0,"offY":0,"sourceW":71,"sourceH":97},
"36":{"x":585,"y":199,"w":71,"h":97,"offX":0,"offY":0,"sourceW":71,"sourceH":97},
"37":{"x":658,"y":199,"w":71,"h":97,"offX":0,"offY":0,"sourceW":71,"sourceH":97},
"38":{"x":731,"y":199,"w":71,"h":97,"offX":0,"offY":0,"sourceW":71,"sourceH":97},
"39":{"x":804,"y":199,"w":71,"h":97,"offX":0,"offY":0,"sourceW":71,"sourceH":97},
"40":{"x":877,"y":199,"w":71,"h":97,"offX":0,"offY":0,"sourceW":71,"sourceH":97},
"41":{"x":950,"y":199,"w":71,"h":97,"offX":0,"offY":0,"sourceW":71,"sourceH":97},
"42":{"x":1,"y":298,"w":71,"h":97,"offX":0,"offY":0,"sourceW":71,"sourceH":97},
"43":{"x":74,"y":298,"w":71,"h":97,"offX":0,"offY":0,"sourceW":71,"sourceH":97},
"44":{"x":147,"y":298,"w":71,"h":97,"offX":0,"offY":0,"sourceW":71,"sourceH":97},
"45":{"x":220,"y":298,"w":71,"h":97,"offX":0,"offY":0,"sourceW":71,"sourceH":97},
"46":{"x":293,"y":298,"w":71,"h":97,"offX":0,"offY":0,"sourceW":71,"sourceH":97},
"47":{"x":366,"y":298,"w":71,"h":97,"offX":0,"offY":0,"sourceW":71,"sourceH":97},
"48":{"x":439,"y":298,"w":71,"h":97,"offX":0,"offY":0,"sourceW":71,"sourceH":97},
"49":{"x":512,"y":298,"w":71,"h":97,"offX":0,"offY":0,"sourceW":71,"sourceH":97},
"50":{"x":585,"y":298,"w":71,"h":97,"offX":0,"offY":0,"sourceW":71,"sourceH":97},
"51":{"x":658,"y":298,"w":71,"h":97,"offX":0,"offY":0,"sourceW":71,"sourceH":97},
"52":{"x":731,"y":298,"w":71,"h":97,"offX":0,"offY":0,"sourceW":71,"sourceH":97},
"53":{"x":804,"y":298,"w":71,"h":97,"offX":0,"offY":0,"sourceW":71,"sourceH":97}}}