{"file":"small_card.png","frames":{
"small_0":{"x":1,"y":1,"w":36,"h":49,"offX":0,"offY":0,"sourceW":36,"sourceH":49},
"small_1":{"x":1,"y":52,"w":36,"h":49,"offX":0,"offY":0,"sourceW":36,"sourceH":49},
"small_2":{"x":39,"y":1,"w":36,"h":49,"offX":0,"offY":0,"sourceW":36,"sourceH":49},
"small_3":{"x":1,"y":103,"w":36,"h":49,"offX":0,"offY":0,"sourceW":36,"sourceH":49},
"small_4":{"x":39,"y":52,"w":36,"h":49,"offX":0,"offY":0,"sourceW":36,"sourceH":49},
"small_5":{"x":77,"y":1,"w":36,"h":49,"offX":0,"offY":0,"sourceW":36,"sourceH":49},
"small_6":{"x":1,"y":154,"w":36,"h":49,"offX":0,"offY":0,"sourceW":36,"sourceH":49},
"small_7":{"x":39,"y":103,"w":36,"h":49,"offX":0,"offY":0,"sourceW":36,"sourceH":49},
"small_8":{"x":77,"y":52,"w":36,"h":49,"offX":0,"offY":0,"sourceW":36,"sourceH":49},
"small_9":{"x":115,"y":1,"w":36,"h":49,"offX":0,"offY":0,"sourceW":36,"sourceH":49},
"small_10":{"x":1,"y":205,"w":36,"h":49,"offX":0,"offY":0,"sourceW":36,"sourceH":49},
"small_11":{"x":39,"y":154,"w":36,"h":49,"offX":0,"offY":0,"sourceW":36,"sourceH":49},
"small_12":{"x":77,"y":103,"w":36,"h":49,"offX":0,"offY":0,"sourceW":36,"sourceH":49},
"small_13":{"x":115,"y":52,"w":36,"h":49,"offX":0,"offY":0,"sourceW":36,"sourceH":49},
"small_14":{"x":153,"y":1,"w":36,"h":49,"offX":0,"offY":0,"sourceW":36,"sourceH":49},
"small_15":{"x":39,"y":205,"w":36,"h":49,"offX":0,"offY":0,"sourceW":36,"sourceH":49},
"small_16":{"x":77,"y":154,"w":36,"h":49,"offX":0,"offY":0,"sourceW":36,"sourceH":49},
"small_17":{"x":115,"y":103,"w":36,"h":49,"offX":0,"offY":0,"sourceW":36,"sourceH":49},
"small_18":{"x":153,"y":52,"w":36,"h":49,"offX":0,"offY":0,"sourceW":36,"sourceH":49},
"small_19":{"x":191,"y":1,"w":36,"h":49,"offX":0,"offY":0,"sourceW":36,"sourceH":49},
"small_20":{"x":77,"y":205,"w":36,"h":49,"offX":0,"offY":0,"sourceW":36,"sourceH":49},
"small_21":{"x":115,"y":154,"w":36,"h":49,"offX":0,"offY":0,"sourceW":36,"sourceH":49},
"small_22":{"x":153,"y":103,"w":36,"h":49,"offX":0,"offY":0,"sourceW":36,"sourceH":49},
"small_23":{"x":191,"y":52,"w":36,"h":49,"offX":0,"offY":0,"sourceW":36,"sourceH":49},
"small_24":{"x":229,"y":1,"w":36,"h":49,"offX":0,"offY":0,"sourceW":36,"sourceH":49},
"small_25":{"x":115,"y":205,"w":36,"h":49,"offX":0,"offY":0,"sourceW":36,"sourceH":49},
"small_26":{"x":153,"y":154,"w":36,"h":49,"offX":0,"offY":0,"sourceW":36,"sourceH":49},
"small_27":{"x":191,"y":103,"w":36,"h":49,"offX":0,"offY":0,"sourceW":36,"sourceH":49},
"small_28":{"x":229,"y":52,"w":36,"h":49,"offX":0,"offY":0,"sourceW":36,"sourceH":49},
"small_29":{"x":267,"y":1,"w":36,"h":49,"offX":0,"offY":0,"sourceW":36,"sourceH":49},
"small_30":{"x":153,"y":205,"w":36,"h":49,"offX":0,"offY":0,"sourceW":36,"sourceH":49},
"small_31":{"x":191,"y":154,"w":36,"h":49,"offX":0,"offY":0,"sourceW":36,"sourceH":49},
"small_32":{"x":229,"y":103,"w":36,"h":49,"offX":0,"offY":0,"sourceW":36,"sourceH":49},
"small_33":{"x":267,"y":52,"w":36,"h":49,"offX":0,"offY":0,"sourceW":36,"sourceH":49},
"small_34":{"x":305,"y":1,"w":36,"h":49,"offX":0,"offY":0,"sourceW":36,"sourceH":49},
"small_35":{"x":191,"y":205,"w":36,"h":49,"offX":0,"offY":0,"sourceW":36,"sourceH":49},
"small_36":{"x":229,"y":154,"w":36,"h":49,"offX":0,"offY":0,"sourceW":36,"sourceH":49},
"small_37":{"x":267,"y":103,"w":36,"h":49,"offX":0,"offY":0,"sourceW":36,"sourceH":49},
"small_38":{"x":305,"y":52,"w":36,"h":49,"offX":0,"offY":0,"sourceW":36,"sourceH":49},
"small_39":{"x":343,"y":1,"w":36,"h":49,"offX":0,"offY":0,"sourceW":36,"sourceH":49},
"small_40":{"x":229,"y":205,"w":36,"h":49,"offX":0,"offY":0,"sourceW":36,"sourceH":49},
"small_41":{"x":267,"y":154,"w":36,"h":49,"offX":0,"offY":0,"sourceW":36,"sourceH":49},
"small_42":{"x":305,"y":103,"w":36,"h":49,"offX":0,"offY":0,"sourceW":36,"sourceH":49},
"small_43":{"x":343,"y":52,"w":36,"h":49,"offX":0,"offY":0,"sourceW":36,"sourceH":49},
"small_44":{"x":381,"y":1,"w":36,"h":49,"offX":0,"offY":0,"sourceW":36,"sourceH":49},
"small_45":{"x":267,"y":205,"w":36,"h":49,"offX":0,"offY":0,"sourceW":36,"sourceH":49},
"small_46":{"x":305,"y":154,"w":36,"h":49,"offX":0,"offY":0,"sourceW":36,"sourceH":49},
"small_47":{"x":343,"y":103,"w":36,"h":49,"offX":0,"offY":0,"sourceW":36,"sourceH":49},
"small_48":{"x":381,"y":52,"w":36,"h":49,"offX":0,"offY":0,"sourceW":36,"sourceH":49},
"small_49":{"x":419,"y":1,"w":36,"h":49,"offX":0,"offY":0,"sourceW":36,"sourceH":49},
"small_50":{"x":305,"y":205,"w":36,"h":49,"offX":0,"offY":0,"sourceW":36,"sourceH":49},
"small_51":{"x":343,"y":154,"w":36,"h":49,"offX":0,"offY":0,"sourceW":36,"sourceH":49},
"small_52":{"x":381,"y":103,"w":36,"h":49,"offX":0,"offY":0,"sourceW":36,"sourceH":49},
"small_53":{"x":419,"y":52,"w":36,"h":49,"offX":0,"offY":0,"sourceW":36,"sourceH":49}}}